iter	Logloss_SumError	Logloss_SumWeight	Accuracy_SumError	Accuracy_SumWeight
0	18992.41003	32769	30872	32769
234	2405.305792	32769	31951	32769
